ProductID,ProductName,Category,UnitPrice,Supplier
1001,Huge,Apparel,99.32,Owens Inc
1002,Address,Furniture,290.67,Romero and Sons
1003,Almost,Electronics,37.75,"Williams, Shah and Mitchell"
1004,Month,Beauty,75.32,Williams-Stephens
1005,Plan,Beauty,332.12,Gibson Inc
1006,They,Beauty,111.79,Johnson and Sons
1007,Where,Beauty,242.95,David Inc
1008,Deep,Furniture,81.24,Mays-Griffith
1009,Parent,Beauty,50.94,Gibson LLC
1010,Ready,Apparel,98.5,Gilbert-Moreno
1011,Begin,Toys,443.16,Estrada LLC
1012,Raise,Furniture,89.12,Anderson PLC
1013,Official,Toys,82.85,"Johnson, Young and Davis"
1014,Senior,Apparel,226.96,"Velez, Washington and Bailey"
1015,Wind,Toys,460.12,Allen-Hendricks
1016,Fast,Toys,287.68,"Mcmahon, Munoz and Lopez"
1017,Nation,Furniture,25.7,"Browning, Cain and Smith"
1018,Memory,Beauty,352.12,Ellis and Sons
1019,Fast,Toys,303.17,"Hubbard, Peterson and Stafford"
1020,While,Beauty,344.34,Wolf-Harris
1021,Offer,Electronics,389.41,Snyder-Stephens
1022,Increase,Beauty,328.56,Butler-Smith
1023,Whose,Electronics,239.03,Carter Group
1024,Very,Beauty,250.77,Riley LLC
1025,True,Beauty,204.52,Martinez-Graham
1026,Nation,Electronics,372.11,Taylor-Lewis
1027,Debate,Beauty,32.61,"Faulkner, Wilson and Richards"
1028,Charge,Toys,174.79,"Murray, Burns and Martinez"
1029,Account,Beauty,112.53,"Jones, Mueller and Medina"
1030,Stock,Apparel,159.7,Alvarez Group
1031,Move,Apparel,169.11,Hurley-Brown
1032,Free,Beauty,366.37,Cook-Fox
1033,Whole,Toys,433.44,Foster-Olson
1034,Mr,Toys,196.45,Harrison Group
1035,Sister,Furniture,449.01,Hernandez-Clark
1036,Alone,Toys,226.7,Curry Group
1037,Yeah,Electronics,70.42,Kramer LLC
1038,Important,Apparel,410.2,Anderson LLC
1039,Page,Apparel,159.99,Brown PLC
1040,Interesting,Apparel,490.48,"Brock, Garcia and Hernandez"
1041,Fish,Beauty,290.96,Williams Group
1042,Mrs,Furniture,60.66,"Lee, Lamb and Petty"
1043,Rock,Electronics,377.27,Harding-Miller
1044,Full,Apparel,198.89,"Chambers, Schultz and Jones"
1045,Have,Apparel,75.49,Hernandez and Sons
1046,Edge,Beauty,259.04,Reid Inc
1047,Fire,Beauty,46.96,"Pittman, Mcdonald and Fox"
1048,Again,Furniture,217.37,"Dixon, Bell and Smith"
1049,Article,Electronics,168.28,Hanson LLC
1050,House,Furniture,286.77,Sullivan-Williams
1051,Rest,Beauty,64.47,Scott-Roberson
1052,Some,Furniture,161.47,"Smith, Peterson and Macdonald"
1053,Out,Toys,250.29,"Valdez, Miller and Carlson"
1054,Of,Electronics,27.44,Campbell Ltd
1055,Issue,Toys,286.47,Schmidt LLC
1056,Song,Furniture,210.69,Brown PLC
1057,Direction,Beauty,445.58,Nguyen Inc
1058,Against,Apparel,149.99,George-Morales
1059,Rise,Electronics,481.42,Landry Inc
1060,Clearly,Toys,66.71,"Meyer, Gutierrez and Howard"
1061,State,Furniture,434.18,Ball-Russell
1062,Well,Apparel,416.54,Garcia-Clark
1063,Purpose,Beauty,313.13,Dixon-Murphy
1064,Almost,Furniture,411.31,"Harrison, Carroll and Maldonado"
1065,Government,Beauty,424.18,Gibbs and Sons
1066,Although,Apparel,306.88,Green Ltd
1067,Mention,Apparel,35.71,Rivera-Cardenas
1068,Adult,Furniture,322.34,Parker-Butler
1069,Trade,Electronics,448.29,"Anderson, Williams and Reese"
1070,Indeed,Beauty,149.4,Bradshaw-Stafford
1071,Scientist,Apparel,103.89,"Spence, Howard and Patel"
1072,Apply,Toys,334.9,"Blevins, Clark and Vincent"
1073,Commercial,Electronics,356.32,Hunt-Thompson
1074,State,Furniture,347.87,Hall Inc
1075,Reduce,Furniture,385.86,Chan-Acevedo
1076,Boy,Furniture,290.18,Guerra Ltd
1077,Send,Furniture,428.55,Jimenez-Marks
1078,Allow,Apparel,40.01,"Owens, Gordon and Graves"
1079,Clear,Apparel,230.9,"Edwards, Williams and Blackwell"
1080,Anything,Electronics,62.14,Stokes-Mcdowell
1081,Boy,Furniture,125.7,"Esparza, Buck and Taylor"
1082,Agreement,Beauty,271.84,"Evans, Odonnell and Rogers"
1083,Pressure,Toys,199.18,Wilson-Garcia
1084,Space,Electronics,381.99,Schmidt and Sons
1085,See,Toys,294.11,Gomez-Ponce
1086,Can,Toys,185.36,Larson PLC
1087,Best,Toys,390.52,"Green, Bartlett and White"
1088,Where,Furniture,388.62,"Melton, Rodriguez and Wallace"
1089,Degree,Beauty,78.08,"Wells, Fisher and Clark"
1090,Food,Furniture,142.49,Gonzalez-Buchanan
1091,Fly,Apparel,250.02,Todd Group
1092,View,Apparel,267.0,Lee-Luna
1093,Force,Apparel,257.88,Scott Group
1094,Agreement,Apparel,232.36,"Brennan, Finley and Hunt"
1095,Industry,Furniture,377.45,Blake Group
1096,Message,Apparel,308.39,Sheppard-Sullivan
1097,Surface,Beauty,250.75,"Chambers, Moore and Weaver"
1098,Too,Apparel,270.37,Bates-Schmidt
1099,Once,Apparel,183.29,"Roberts, Walker and Jones"
1100,Among,Apparel,331.2,Johnson-Luna
